Protocollo;Gruppo;DataOraIncidente;Localizzazione1;STRADA1;Localizzazione2;STRADA2;Strada02;Chilometrica;DaSpecificare;NaturaIncidente;particolaritastrade;TipoStrada;FondoStradale;Pavimentazione;Segnaletica;CondizioneAtmosferica;Traffico;Visibilita;Illuminazione;NUM_FERITI;NUM_RISERVATA;NUM_MORTI;NUM_ILLESI;Longitudine;Latitudine;Confermato;Progressivo;TipoVeicolo;StatoVeicolo;TipoPersona;Sesso;Tipolesione;Deceduto;DecedutoDopo;CinturaCascoUtilizzato;Airbag
1915074;1;22/06/2012 11:20;Strada Urbana;CORSO VITTORIO EMANUELE II;da specificare;;;;ALTEZZA P.ZZA S. ANDREA DELLA VALLE;Scontro frontale/laterale SX fra veicoli in marcia;Rettilineo;Una carreggiata a doppio senso;Asciutto;Asfaltata;Orizzontale;Sereno;Normale;Buona;Ore Diurne;2;0;0;2;;;-1;1;Autocarro inferiore 35 q.;In marcia / fermata / arresto;Conducente;F;Illeso;0;;Non accertato;Inesistente
1915074;1;22/06/2012 11:20;Strada Urbana;CORSO VITTORIO EMANUELE II;da specificare;;;;ALTEZZA P.ZZA S. ANDREA DELLA VALLE;Scontro frontale/laterale SX fra veicoli in marcia;Rettilineo;Una carreggiata a doppio senso;Asciutto;Asfaltata;Orizzontale;Sereno;Normale;Buona;Ore Diurne;2;0;0;2;;;-1;1;Autocarro inferiore 35 q.;In marcia / fermata / arresto;Passeggero;F;Illeso;0;;Non accertato;Inesistente
1915074;1;22/06/2012 11:20;Strada Urbana;CORSO VITTORIO EMANUELE II;da specificare;;;;ALTEZZA P.ZZA S. ANDREA DELLA VALLE;Scontro frontale/laterale SX fra veicoli in marcia;Rettilineo;Una carreggiata a doppio senso;Asciutto;Asfaltata;Orizzontale;Sereno;Normale;Buona;Ore Diurne;2;0;0;2;;;-1;2;Autovettura di polizia;In marcia / fermata / arresto;Conducente;M;Rifiuta cure immediate;0;NON DECEDUTO;Esente;Inesistente
1915074;1;22/06/2012 11:20;Strada Urbana;CORSO VITTORIO EMANUELE II;da specificare;;;;ALTEZZA P.ZZA S. ANDREA DELLA VALLE;Scontro frontale/laterale SX fra veicoli in marcia;Rettilineo;Una carreggiata a doppio senso;Asciutto;Asfaltata;Orizzontale;Sereno;Normale;Buona;Ore Diurne;2;0;0;2;;;-1;2;Autovettura di polizia;In marcia / fermata / arresto;Passeggero;M;Rifiuta cure immediate;0;NON DECEDUTO;Esente;Inesploso
1915075;2;26/06/2012 10:00;Strada Urbana;VIA DEL FORO ITALICO;da specificare;;;;alt. Ponte sul Tevere dir. Stadio.;Tamponamento;Rettilineo;Due carreggiate;Asciutto;Asfaltata;Verticale ed orizzontale;Sereno;Intenso;Buona;Ore Diurne;1;0;0;2;;;-1;1;Motociclo a solo;In marcia / fermata / arresto;Conducente;M;Rimandato;0;NON DECEDUTO;Non accertato;Inesistente
1915075;2;26/06/2012 10:00;Strada Urbana;VIA DEL FORO ITALICO;da specificare;;;;alt. Ponte sul Tevere dir. Stadio.;Tamponamento;Rettilineo;Due carreggiate;Asciutto;Asfaltata;Verticale ed orizzontale;Sereno;Intenso;Buona;Ore Diurne;1;0;0;2;;;-1;2;Autovettura privata;In marcia / fermata / arresto;Conducente;F;Illeso;0;;Non accertato;Inesploso
1915075;2;26/06/2012 10:00;Strada Urbana;VIA DEL FORO ITALICO;da specificare;;;;alt. Ponte sul Tevere dir. Stadio.;Tamponamento;Rettilineo;Due carreggiate;Asciutto;Asfaltata;Verticale ed orizzontale;Sereno;Intenso;Buona;Ore Diurne;1;0;0;2;;;-1;2;Autovettura privata;In marcia / fermata / arresto;Passeggero;F;Illeso;0;;Non accertato;Inesploso
1915076;1;22/06/2012 16:30;Strada Urbana;VIA GIOVANNI GIOLITTI;in prossimità;;del civico n. ;271;;Scontro laterale fra veicoli in marcia;Rettilineo;Una carreggiata a senso unico di marcia;Asciutto;Asfaltata;Verticale ed orizzontale;Sereno;Normale;Buona;Ore Diurne;0;0;0;3;;;-1;1;Autovettura privata;In marcia / fermata / arresto;Conducente;M;Illeso;0;;Non accertato;Inesistente
1915076;1;22/06/2012 16:30;Strada Urbana;VIA GIOVANNI GIOLITTI;in prossimità;;del civico n. ;271;;Scontro laterale fra veicoli in marcia;Rettilineo;Una carreggiata a senso unico di marcia;Asciutto;Asfaltata;Verticale ed orizzontale;Sereno;Normale;Buona;Ore Diurne;0;0;0;3;;;-1;1;Autovettura privata;In marcia / fermata / arresto;Passeggero;F;Illeso;0;;Non accertato;Inesistente
1915076;1;22/06/2012 16:30;Strada Urbana;VIA GIOVANNI GIOLITTI;in prossimità;;del civico n. ;271;;Scontro laterale fra veicoli in marcia;Rettilineo;Una carreggiata a senso unico di marcia;Asciutto;Asfaltata;Verticale ed orizzontale;Sereno;Normale;Buona;Ore Diurne;0;0;0;3;;;-1;2;Autocarro inferiore 35 q.;In marcia / fermata / arresto;Conducente;M;Illeso;0;;Non accertato;Inesistente
1915077;1;22/06/2012 11:30;Strada Urbana;VIA DEL CORSO;da specificare;;;;ALTEZZA P.ZZA COLONNA;Tamponamento;Rettilineo;Una carreggiata a doppio senso;Asciutto;Asfaltata;Verticale ed orizzontale;Sereno;Normale;Buona;Ore Diurne;0;0;0;2;;;-1;1;Autovettura di polizia;In marcia / fermata / arresto;Conducente;M;Illeso;0;;Non accertato;Inesistente
1915077;1;22/06/2012 11:30;Strada Urbana;VIA DEL CORSO;da specificare;;;;ALTEZZA P.ZZA COLONNA;Tamponamento;Rettilineo;Una carreggiata a doppio senso;Asciutto;Asfaltata;Verticale ed orizzontale;Sereno;Normale;Buona;Ore Diurne;0;0;0;2;;;-1;2;Autobus urbano;In marcia / fermata / arresto;Conducente;M;Illeso;0;;Esente;Inesistente
1915078;16;24/06/2012 02:20;Strada Urbana;VIALE GUGLIELMO MARCONI;in prossimità;;del civico n. ;640;;Tamponamento;Rettilineo;Due carreggiate;Asciutto;Asfaltata;Verticale ed orizzontale;Sereno;Scarso;Buona;Sufficiente;1;0;0;4;;;-1;1;Autovettura privata;In marcia / fermata / arresto;Passeggero;M;Illeso;0;;Non accertato;Inesploso
1915078;16;24/06/2012 02:20;Strada Urbana;VIALE GUGLIELMO MARCONI;in prossimità;;del civico n. ;640;;Tamponamento;Rettilineo;Due carreggiate;Asciutto;Asfaltata;Verticale ed orizzontale;Sereno;Scarso;Buona;Sufficiente;1;0;0;4;;;-1;1;Autovettura privata;In marcia / fermata / arresto;Passeggero;F;Illeso;0;;Non accertato;Inesploso
1915078;16;24/06/2012 02:20;Strada Urbana;VIALE GUGLIELMO MARCONI;in prossimità;;del civico n. ;640;;Tamponamento;Rettilineo;Due carreggiate;Asciutto;Asfaltata;Verticale ed orizzontale;Sereno;Scarso;Buona;Sufficiente;1;0;0;4;;;-1;1;Autovettura privata;In marcia / fermata / arresto;Conducente;M;Illeso;0;;Non accertato;Inesploso
1915078;16;24/06/2012 02:20;Strada Urbana;VIALE GUGLIELMO MARCONI;in prossimità;;del civico n. ;640;;Tamponamento;Rettilineo;Due carreggiate;Asciutto;Asfaltata;Verticale ed orizzontale;Sereno;Scarso;Buona;Sufficiente;1;0;0;4;;;-1;1;Autovettura privata;In marcia / fermata / arresto;Passeggero;M;Illeso;0;;Non accertato;Inesploso
1915078;16;24/06/2012 02:20;Strada Urbana;VIALE GUGLIELMO MARCONI;in prossimità;;del civico n. ;640;;Tamponamento;Rettilineo;Due carreggiate;Asciutto;Asfaltata;Verticale ed orizzontale;Sereno;Scarso;Buona;Sufficiente;1;0;0;4;;;-1;2;Autovettura di polizia;In marcia / fermata / arresto;Conducente;M;Rimandato;0;NON DECEDUTO;Non accertato;Inesploso
1915079;1;22/06/2012 14:25;Strada Urbana;VIA DEI FORI IMPERIALI;in prossimità;;del palo luce n. ;03-gen;;Veicolo in marcia contro ostacolo accidentale;Rettilineo;Una carreggiata a doppio senso;Viscido da liquidi oleosi;Acciotolata;Verticale ed orizzontale;Sereno;Normale;Buona;Ore Diurne;1;0;0;0;;;-1;1;Motociclo con passeggero;In marcia / fermata / arresto;Conducente;M;Rimandato;0;NON DECEDUTO;Non accertato;Inesistente
1915081;1;21/06/2012;Strada Urbana;PIAZZA VENEZIA;da specificare;;;;fronte Via del Corso ;Scontro frontale/laterale SX fra veicoli in marcia;Rotatoria;Una carreggiata a doppio senso;Asciutto;In cubetti di porfido;Verticale ed orizzontale;Sereno;Normale;Sufficiente;Sufficiente;2;0;0;2;;;-1;1;Autovettura privata;In marcia / fermata / arresto;Conducente;M;Rifiuta cure immediate;0;NON DECEDUTO;Non accertato;Inesistente
1915081;1;21/06/2012;Strada Urbana;PIAZZA VENEZIA;da specificare;;;;fronte Via del Corso ;Scontro frontale/laterale SX fra veicoli in marcia;Rotatoria;Una carreggiata a doppio senso;Asciutto;In cubetti di porfido;Verticale ed orizzontale;Sereno;Normale;Sufficiente;Sufficiente;2;0;0;2;;;-1;2;Autovettura privata;In marcia / fermata / arresto;Conducente;F;Rifiuta cure immediate;0;NON DECEDUTO;Non accertato;Inesistente
1915081;1;21/06/2012;Strada Urbana;PIAZZA VENEZIA;da specificare;;;;fronte Via del Corso ;Scontro frontale/laterale SX fra veicoli in marcia;Rotatoria;Una carreggiata a doppio senso;Asciutto;In cubetti di porfido;Verticale ed orizzontale;Sereno;Normale;Sufficiente;Sufficiente;2;0;0;2;;;-1;2;Autovettura privata;In marcia / fermata / arresto;Passeggero;F;Illeso;0;;Non accertato;Inesistente
1915081;1;21/06/2012;Strada Urbana;PIAZZA VENEZIA;da specificare;;;;fronte Via del Corso ;Scontro frontale/laterale SX fra veicoli in marcia;Rotatoria;Una carreggiata a doppio senso;Asciutto;In cubetti di porfido;Verticale ed orizzontale;Sereno;Normale;Sufficiente;Sufficiente;2;0;0;2;;;-1;2;Autovettura privata;In marcia / fermata / arresto;Passeggero;M;Illeso;0;;Non accertato;Inesistente
1915083;1;21/06/2012 08:15;Strada Urbana;LARGO DI S. SUSANNA;in corrispondenza;;del palo luce n. ;3;;Scontro laterale fra veicoli in marcia;Rettilineo;Due carreggiate;Asciutto;Asfaltata;Verticale ed orizzontale;Sereno;Normale;Buona;Ore Diurne;0;0;0;2;;;-1;1;Motociclo a solo;In marcia / fermata / arresto;Conducente;M;Illeso;0;;Non accertato;Inesistente
1915083;1;21/06/2012 08:15;Strada Urbana;LARGO DI S. SUSANNA;in corrispondenza;;del palo luce n. ;3;;Scontro laterale fra veicoli in marcia;Rettilineo;Due carreggiate;Asciutto;Asfaltata;Verticale ed orizzontale;Sereno;Normale;Buona;Ore Diurne;0;0;0;2;;;-1;2;Autovettura privata;In marcia / fermata / arresto;Conducente;F;Illeso;0;;Non accertato;Inesistente
1915084;1;22/06/2012 16:30;Strada Urbana;VIALE DELLE TERME DI CARACALLA;all'intersezione semaforizzata con;PIAZZALE NUMA POMPILIO;PIAZZALE NUMA POMPILIO;;;Scontro laterale fra veicoli in marcia;Intersezione semaforizzata;Una carreggiata a doppio senso;Asciutto;Asfaltata;Verticale ed orizzontale;Sereno;Normale;Buona;Ore Diurne;0;0;0;3;;;-1;1;Autocarro inferiore 35 q.;In marcia / fermata / arresto;Conducente;M;Illeso;0;;Non accertato;Inesistente
1915084;1;22/06/2012 16:30;Strada Urbana;VIALE DELLE TERME DI CARACALLA;all'intersezione semaforizzata con;PIAZZALE NUMA POMPILIO;PIAZZALE NUMA POMPILIO;;;Scontro laterale fra veicoli in marcia;Intersezione semaforizzata;Una carreggiata a doppio senso;Asciutto;Asfaltata;Verticale ed orizzontale;Sereno;Normale;Buona;Ore Diurne;0;0;0;3;;;-1;2;Autovettura privata;In marcia / fermata / arresto;Conducente;F;Illeso;0;;Non accertato;Inesistente
1915084;1;22/06/2012 16:30;Strada Urbana;VIALE DELLE TERME DI CARACALLA;all'intersezione semaforizzata con;PIAZZALE NUMA POMPILIO;PIAZZALE NUMA POMPILIO;;;Scontro laterale fra veicoli in marcia;Intersezione semaforizzata;Una carreggiata a doppio senso;Asciutto;Asfaltata;Verticale ed orizzontale;Sereno;Normale;Buona;Ore Diurne;0;0;0;3;;;-1;2;Autovettura privata;In marcia / fermata / arresto;Passeggero;M;Illeso;0;;Non accertato;Inesistente
1915085;16;24/06/2012 14:20;Strada Urbana;VIALE DI TRASTEVERE;in prossimità;;del civico n. ;249/D;;Investimento di pedone;Rettilineo;Più di due carreggiate;Asciutto;Asfaltata;Verticale ed orizzontale;Sereno;Normale;Buona;Ore Diurne;0;0;0;2;;;-1;;;;Pedone;M;Illeso;0;;;
1915085;16;24/06/2012 14:20;Strada Urbana;VIALE DI TRASTEVERE;in prossimità;;del civico n. ;249/D;;Investimento di pedone;Rettilineo;Più di due carreggiate;Asciutto;Asfaltata;Verticale ed orizzontale;Sereno;Normale;Buona;Ore Diurne;0;0;0;2;;;-1;1;Autovettura privata;In marcia / fermata / arresto;Conducente;M;Illeso;0;;Non accertato;Inesistente
1915086;1;22/06/2012 11:30;Strada Urbana;VIA VOLTURNO;all'intersezione semaforizzata con;PIAZZA DELLE FINANZE;PIAZZA DELLE FINANZE;;;Veicolo in marcia contro ostacolo accidentale;Intersezione semaforizzata;Una carreggiata a doppio senso;Asciutto;Asfaltata;Verticale ed orizzontale;Sereno;Normale;Buona;Ore Diurne;0;0;0;2;;;-1;1;Autovettura privata;In marcia / fermata / arresto;Conducente;M;Illeso;0;;Utilizzato;Inesistente
1915086;1;22/06/2012 11:30;Strada Urbana;VIA VOLTURNO;all'intersezione semaforizzata con;PIAZZA DELLE FINANZE;PIAZZA DELLE FINANZE;;;Veicolo in marcia contro ostacolo accidentale;Intersezione semaforizzata;Una carreggiata a doppio senso;Asciutto;Asfaltata;Verticale ed orizzontale;Sereno;Normale;Buona;Ore Diurne;0;0;0;2;;;-1;1;Autovettura privata;In marcia / fermata / arresto;Passeggero;F;Illeso;0;;Non accertato;Inesistente
1915087;1;22/06/2012 14:20;Strada Urbana;VIA DEI FORI IMPERIALI;in prossimità;;del palo luce n. ;1;;Veicolo in marcia contro ostacolo accidentale;Rettilineo;Una carreggiata a doppio senso;Viscido da liquidi oleosi;In cubetti di porfido;Verticale ed orizzontale;Sereno;Normale;Buona;Ore Diurne;1;0;0;0;;;-1;1;Motociclo a solo;In marcia / fermata / arresto;Conducente;F;Rifiuta cure immediate;0;NON DECEDUTO;Non accertato;Inesistente
1915088;2;26/06/2012 16:30;Strada Urbana;VIA SALARIA;all'intersezione semaforizzata con;VIA PANAMA;VIA PANAMA;;;Scontro frontale/laterale SX fra veicoli in marcia;Intersezione semaforizzata;Una carreggiata a doppio senso;Asciutto;Asfaltata;Verticale ed orizzontale;Sereno;Normale;Buona;Ore Diurne;0;0;0;4;;;-1;1;Autovettura privata;In marcia / fermata / arresto;Conducente;M;Illeso;0;;Non accertato;Inesistente
1915088;2;26/06/2012 16:30;Strada Urbana;VIA SALARIA;all'intersezione semaforizzata con;VIA PANAMA;VIA PANAMA;;;Scontro frontale/laterale SX fra veicoli in marcia;Intersezione semaforizzata;Una carreggiata a doppio senso;Asciutto;Asfaltata;Verticale ed orizzontale;Sereno;Normale;Buona;Ore Diurne;0;0;0;4;;;-1;2;Autovettura privata;In marcia / fermata / arresto;Conducente;M;Illeso;0;;Non accertato;Inesistente
1915088;2;26/06/2012 16:30;Strada Urbana;VIA SALARIA;all'intersezione semaforizzata con;VIA PANAMA;VIA PANAMA;;;Scontro frontale/laterale SX fra veicoli in marcia;Intersezione semaforizzata;Una carreggiata a doppio senso;Asciutto;Asfaltata;Verticale ed orizzontale;Sereno;Normale;Buona;Ore Diurne;0;0;0;4;;;-1;2;Autovettura privata;In marcia / fermata / arresto;Passeggero;M;Illeso;0;;Non accertato;Inesistente
1915088;2;26/06/2012 16:30;Strada Urbana;VIA SALARIA;all'intersezione semaforizzata con;VIA PANAMA;VIA PANAMA;;;Scontro frontale/laterale SX fra veicoli in marcia;Intersezione semaforizzata;Una carreggiata a doppio senso;Asciutto;Asfaltata;Verticale ed orizzontale;Sereno;Normale;Buona;Ore Diurne;0;0;0;4;;;-1;2;Autovettura privata;In marcia / fermata / arresto;Passeggero;M;Illeso;0;;Non accertato;Inesistente
1915089;2;26/06/2012 18:40;Strada Urbana;VIA SALARIA;all'intersezione semaforizzata con;VIALE LIEGI;VIALE LIEGI;;;Scontro laterale fra veicoli in marcia;Intersezione semaforizzata;Una carreggiata a doppio senso;Asciutto;Asfaltata;Verticale ed orizzontale;Sereno;Normale;Buona;Ore Diurne;1;0;0;1;;;-1;1;Autovettura privata;In marcia / fermata / arresto;Conducente;M;Illeso;0;;Non accertato;Inesploso
1915089;2;26/06/2012 18:40;Strada Urbana;VIA SALARIA;all'intersezione semaforizzata con;VIALE LIEGI;VIALE LIEGI;;;Scontro laterale fra veicoli in marcia;Intersezione semaforizzata;Una carreggiata a doppio senso;Asciutto;Asfaltata;Verticale ed orizzontale;Sereno;Normale;Buona;Ore Diurne;1;0;0;1;;;-1;2;Motociclo a solo;In marcia / fermata / arresto;Conducente;F;Rimandato;0;NON DECEDUTO;Non accertato;Inesistente
1915090;1;22/06/2012 12:10;Strada Urbana;VIA MAGNANAPOLI;all'intersezione semaforizzata con;VIA VENTIQUATTRO MAGGIO;VIA VENTIQUATTRO MAGGIO;;;Scontro laterale fra veicoli in marcia;Intersezione semaforizzata;Una carreggiata a senso unico di marcia;Asciutto;Asfaltata;Verticale ed orizzontale;Sereno;Normale;Buona;Ore Diurne;0;0;0;2;;;-1;1;Autocarro inferiore 35 q.;In marcia / fermata / arresto;Conducente;M;Illeso;0;;Non accertato;Inesistente
1915090;1;22/06/2012 12:10;Strada Urbana;VIA MAGNANAPOLI;all'intersezione semaforizzata con;VIA VENTIQUATTRO MAGGIO;VIA VENTIQUATTRO MAGGIO;;;Scontro laterale fra veicoli in marcia;Intersezione semaforizzata;Una carreggiata a senso unico di marcia;Asciutto;Asfaltata;Verticale ed orizzontale;Sereno;Normale;Buona;Ore Diurne;0;0;0;2;;;-1;2;Autocarro inferiore 35 q.;In marcia / fermata / arresto;Conducente;M;Illeso;0;;Non accertato;Inesistente
1915092;2;26/06/2012 14:30;Strada Urbana;VIA ANAPO;all'intersezione con;VIA FOGLIANO;VIA FOGLIANO;;;Scontro frontale/laterale SX fra veicoli in marcia;Incrocio;Una carreggiata a senso unico di marcia;Asciutto;Asfaltata;Verticale ed orizzontale;Sereno;Normale;Buona;Ore Diurne;1;0;0;1;;;-1;1;Autovettura privata;In marcia / fermata / arresto;Conducente;F;Illeso;0;;Non accertato;Inesploso
1915092;2;26/06/2012 14:30;Strada Urbana;VIA ANAPO;all'intersezione con;VIA FOGLIANO;VIA FOGLIANO;;;Scontro frontale/laterale SX fra veicoli in marcia;Incrocio;Una carreggiata a senso unico di marcia;Asciutto;Asfaltata;Verticale ed orizzontale;Sereno;Normale;Buona;Ore Diurne;1;0;0;1;;;-1;2;Motociclo a solo;In marcia / fermata / arresto;Conducente;M;Rimandato;0;NON DECEDUTO;Non accertato;Inesistente
1915093;1;21/06/2012 08:15;Strada Urbana;LUNGOTEVERE DE' CENCI;all'intersezione semaforizzata con;VIA ARENULA;VIA ARENULA;;;Scontro frontale/laterale DX fra veicoli in marcia;Intersezione semaforizzata;Una carreggiata a senso unico di marcia;Asciutto;Asfaltata;Verticale ed orizzontale;Sereno;Intenso;Buona;Ore Diurne;2;0;0;0;;;-1;1;Motociclo a solo;In marcia / fermata / arresto;Conducente;M;Rifiuta cure immediate;0;NON DECEDUTO;Non accertato;Inesistente
1915093;1;21/06/2012 08:15;Strada Urbana;LUNGOTEVERE DE' CENCI;all'intersezione semaforizzata con;VIA ARENULA;VIA ARENULA;;;Scontro frontale/laterale DX fra veicoli in marcia;Intersezione semaforizzata;Una carreggiata a senso unico di marcia;Asciutto;Asfaltata;Verticale ed orizzontale;Sereno;Intenso;Buona;Ore Diurne;2;0;0;0;;;-1;2;Velocipede;In marcia / fermata / arresto;Conducente;F;Rimandato;0;NON DECEDUTO;Non accertato;Inesistente
1915094;1;22/06/2012 17:45;Strada Urbana;VIA DI S. BASILIO;in prossimità;;del civico n. ;48;;Veicolo in marcia contro ostacolo accidentale;Pendenza;Una carreggiata a senso unico di marcia;Viscido da liquidi oleosi;In cubetti di porfido;Assente;Sereno;Normale;Buona;Ore Diurne;1;0;0;0;;;-1;1;Motociclo a solo;In marcia / fermata / arresto;Conducente;F;Rimandato;0;NON DECEDUTO;Non accertato;Inesistente
1915095;1;21/06/2012 16:05;Strada Urbana;VIA DI PORTA S. LORENZO;in corrispondenza;;ALBERO;6;;Veicolo in marcia contro ostacolo accidentale;Rettilineo;Una carreggiata a senso unico di marcia;Viscido da liquidi oleosi;Acciotolata;Assente;Sereno;Scarso;Buona;Ore Diurne;1;0;0;0;;;-1;1;Motociclo a solo;In marcia / fermata / arresto;Conducente;F;Rimandato;0;NON DECEDUTO;Non accertato;Inesistente
1915096;1;23/06/2012 08:00;Strada Urbana;VIA PASTRENGO;all'intersezione con;VIA PARIGI;VIA PARIGI;;;Scontro frontale/laterale SX fra veicoli in marcia;Incrocio;Una carreggiata a doppio senso;Asciutto;Asfaltata;Verticale;Sereno;Scarso;Buona;Ore Diurne;0;0;0;2;;;-1;1;Autovettura privata;In marcia / fermata / arresto;Conducente;M;Illeso;0;;Non accertato;Inesistente
1915096;1;23/06/2012 08:00;Strada Urbana;VIA PASTRENGO;all'intersezione con;VIA PARIGI;VIA PARIGI;;;Scontro frontale/laterale SX fra veicoli in marcia;Incrocio;Una carreggiata a doppio senso;Asciutto;Asfaltata;Verticale;Sereno;Scarso;Buona;Ore Diurne;0;0;0;2;;;-1;2;Autovettura privata;In marcia / fermata / arresto;Conducente;F;Illeso;0;;Non accertato;Inesistente
1915097;1;23/06/2012 23:10;Strada Urbana;PONTE GIUSEPPE MAZZINI;da specificare;;;;.;Tamponamento Multiplo;Rettilineo;Una carreggiata a doppio senso;Asciutto;Asfaltata;Orizzontale;Sereno;Normale;Sufficiente;Sufficiente;4;0;0;5;;;-1;1;Autovettura privata;In marcia / fermata / arresto;Conducente;M;Illeso;0;;Non accertato;Inesistente
1915097;1;23/06/2012 23:10;Strada Urbana;PONTE GIUSEPPE MAZZINI;da specificare;;;;.;Tamponamento Multiplo;Rettilineo;Una carreggiata a doppio senso;Asciutto;Asfaltata;Orizzontale;Sereno;Normale;Sufficiente;Sufficiente;4;0;0;5;;;-1;1;Autovettura privata;In marcia / fermata / arresto;Passeggero;M;Illeso;0;;Non accertato;Inesistente
1915097;1;23/06/2012 23:10;Strada Urbana;PONTE GIUSEPPE MAZZINI;da specificare;;;;.;Tamponamento Multiplo;Rettilineo;Una carreggiata a doppio senso;Asciutto;Asfaltata;Orizzontale;Sereno;Normale;Sufficiente;Sufficiente;4;0;0;5;;;-1;1;Autovettura privata;In marcia / fermata / arresto;Passeggero;F;Illeso;0;;Non accertato;Inesistente
1915097;1;23/06/2012 23:10;Strada Urbana;PONTE GIUSEPPE MAZZINI;da specificare;;;;.;Tamponamento Multiplo;Rettilineo;Una carreggiata a doppio senso;Asciutto;Asfaltata;Orizzontale;Sereno;Normale;Sufficiente;Sufficiente;4;0;0;5;;;-1;1;Autovettura privata;In marcia / fermata / arresto;Passeggero;F;Rimandato;0;NON DECEDUTO;Non accertato;Inesistente
1915097;1;23/06/2012 23:10;Strada Urbana;PONTE GIUSEPPE MAZZINI;da specificare;;;;.;Tamponamento Multiplo;Rettilineo;Una carreggiata a doppio senso;Asciutto;Asfaltata;Orizzontale;Sereno;Normale;Sufficiente;Sufficiente;4;0;0;5;;;-1;2;Autovettura privata;In marcia / fermata / arresto;Conducente;F;Rimandato;0;NON DECEDUTO;Non accertato;Inesistente
1915097;1;23/06/2012 23:10;Strada Urbana;PONTE GIUSEPPE MAZZINI;da specificare;;;;.;Tamponamento Multiplo;Rettilineo;Una carreggiata a doppio senso;Asciutto;Asfaltata;Orizzontale;Sereno;Normale;Sufficiente;Sufficiente;4;0;0;5;;;-1;2;Autovettura privata;In marcia / fermata / arresto;Passeggero;M;Rifiuta cure immediate;0;NON DECEDUTO;Non accertato;Inesistente
1915097;1;23/06/2012 23:10;Strada Urbana;PONTE GIUSEPPE MAZZINI;da specificare;;;;.;Tamponamento Multiplo;Rettilineo;Una carreggiata a doppio senso;Asciutto;Asfaltata;Orizzontale;Sereno;Normale;Sufficiente;Sufficiente;4;0;0;5;;;-1;3;Autovettura privata;In marcia / fermata / arresto;Conducente;F;Illeso;0;;Non accertato;Inesistente
1915097;1;23/06/2012 23:10;Strada Urbana;PONTE GIUSEPPE MAZZINI;da specificare;;;;.;Tamponamento Multiplo;Rettilineo;Una carreggiata a doppio senso;Asciutto;Asfaltata;Orizzontale;Sereno;Normale;Sufficiente;Sufficiente;4;0;0;5;;;-1;4;Autovettura privata;In marcia / fermata / arresto;Conducente;F;Rifiuta cure immediate;0;NON DECEDUTO;Non accertato;Inesistente
1915097;1;23/06/2012 23:10;Strada Urbana;PONTE GIUSEPPE MAZZINI;da specificare;;;;.;Tamponamento Multiplo;Rettilineo;Una carreggiata a doppio senso;Asciutto;Asfaltata;Orizzontale;Sereno;Normale;Sufficiente;Sufficiente;4;0;0;5;;;-1;4;Autovettura privata;In marcia / fermata / arresto;Passeggero;M;Illeso;0;;Non accertato;Inesistente
1915098;18;26/06/2012 06:55;Strada Urbana;VIA DEI FAGGELLA;in corrispondenza;;del civico n. ;29;;Scontro frontale fra veicoli in marcia;Curva senza visuale libera;Una carreggiata a doppio senso;Asciutto;Asfaltata;Assente;Sereno;Scarso;Buona;Ore Diurne;0;0;0;2;;;-1;1;Autovettura privata;In marcia / fermata / arresto;Conducente;F;Illeso;0;;Non accertato;Inesploso
1915098;18;26/06/2012 06:55;Strada Urbana;VIA DEI FAGGELLA;in corrispondenza;;del civico n. ;29;;Scontro frontale fra veicoli in marcia;Curva senza visuale libera;Una carreggiata a doppio senso;Asciutto;Asfaltata;Assente;Sereno;Scarso;Buona;Ore Diurne;0;0;0;2;;;-1;2;Autovettura pubblica;In marcia / fermata / arresto;Conducente;M;Illeso;0;;Non accertato;Inesploso
1915099;7;27/06/2012 13:00;Strada Urbana;VIA DI TOR TRE TESTE;all'intersezione con;VIA DI CASA CALDA;VIA DI CASA CALDA;;;Scontro frontale/laterale DX fra veicoli in marcia;Intersezione stradale segnalata;Una carreggiata a doppio senso;Asciutto;Asfaltata;Verticale ed orizzontale;Sereno;Normale;Buona;Ore Diurne;0;0;0;3;;;-1;1;Autovettura privata;In marcia / fermata / arresto;Conducente;M;Illeso;0;;Non accertato;Inesploso
1915099;7;27/06/2012 13:00;Strada Urbana;VIA DI TOR TRE TESTE;all'intersezione con;VIA DI CASA CALDA;VIA DI CASA CALDA;;;Scontro frontale/laterale DX fra veicoli in marcia;Intersezione stradale segnalata;Una carreggiata a doppio senso;Asciutto;Asfaltata;Verticale ed orizzontale;Sereno;Normale;Buona;Ore Diurne;0;0;0;3;;;-1;1;Autovettura privata;In marcia / fermata / arresto;Passeggero;M;Illeso;0;;Non accertato;Inesploso
1915099;7;27/06/2012 13:00;Strada Urbana;VIA DI TOR TRE TESTE;all'intersezione con;VIA DI CASA CALDA;VIA DI CASA CALDA;;;Scontro frontale/laterale DX fra veicoli in marcia;Intersezione stradale segnalata;Una carreggiata a doppio senso;Asciutto;Asfaltata;Verticale ed orizzontale;Sereno;Normale;Buona;Ore Diurne;0;0;0;3;;;-1;2;Autovettura privata;In marcia / fermata / arresto;Conducente;M;Illeso;0;;Non accertato;Inesploso